[
  {
    "id": "dept-1",
    "name": "General Medicine",
    "description": "General health issues and primary care",
    "createdAt": "2026-02-03T10:00:00.000Z",
    "updatedAt": "2026-02-03T10:00:00.000Z"
  },
  {
    "id": "dept-2",
    "name": "Orthopedics",
    "description": "Bone, joint, and muscle care",
    "createdAt": "2026-02-03T10:00:00.000Z",
    "updatedAt": "2026-02-03T10:00:00.000Z"
  },
  {
    "id": "dept-3",
    "name": "Pediatrics",
    "description": "Medical care for infants, children, and adolescents",
    "createdAt": "2026-02-03T10:00:00.000Z",
    "updatedAt": "2026-02-03T10:00:00.000Z"
  }
]
