[
  {
    "description": "had tea",
    "amount": 20,
    "category": "Utilities",
    "date": "2026-01-31",
    "id": "1769870964599b6ygu",
    "createdAt": "2026-01-31T14:49:24.599Z",
    "updatedAt": "2026-01-31T14:49:24.599Z"
  },
  {
    "description": "biscuit",
    "amount": 50,
    "category": "Utilities",
    "date": "2026-02-01",
    "id": "1769917240237mvi7z",
    "createdAt": "2026-02-01T03:40:40.238Z",
    "updatedAt": "2026-02-01T03:40:40.238Z"
  },
  {
    "description": "pen",
    "amount": 800,
    "category": "General",
    "paymentMode": "Split",
    "date": "2026-02-04",
    "paymentBreakdown": [
      {
        "mode": "Cash",
        "amount": 300
      },
      {
        "mode": "UPI",
        "amount": 500
      }
    ],
    "id": "1770203674417nolke",
    "createdAt": "2026-02-04T11:14:34.417Z",
    "updatedAt": "2026-02-04T11:14:34.417Z"
  },
  {
    "description": "sdfa",
    "amount": 200,
    "category": "General",
    "paymentMode": "Cash",
    "date": "2026-02-04",
    "id": "177020368342423ris",
    "createdAt": "2026-02-04T11:14:43.424Z",
    "updatedAt": "2026-02-04T11:14:43.424Z"
  }
]