[
  {
    "patientID": "PAT-2026-001",
    "patientName": "AMAL BENNY",
    "items": [
      {
        "description": "Consultation: Dr. akhil",
        "amount": 200,
        "visitID": "1769864297127n6f80"
      },
      {
        "description": "Medicine: med1 (x1)",
        "amount": 100,
        "visitID": "1769864297127n6f80"
      }
    ],
    "paymentMode": "Cash",
    "totalAmount": 300,
    "invoiceNumber": "INV-2026-0001",
    "id": "1769864771694wenaz",
    "createdAt": "2026-01-31T13:06:11.694Z",
    "updatedAt": "2026-01-31T13:06:11.694Z"
  },
  {
    "patientID": "OTC",
    "patientName": "Walk-in",
    "paymentMode": "Cash",
    "items": [
      {
        "description": "chapel",
        "amount": 300
      }
    ],
    "invoiceNumber": "INV-2026-0002",
    "totalAmount": 300,
    "id": "1769917381840kvlpx",
    "createdAt": "2026-02-01T03:43:01.840Z",
    "updatedAt": "2026-02-01T03:43:01.840Z"
  },
  {
    "patientID": "P-1002",
    "patientName": "Jane Roe",
    "items": [
      {
        "description": "Medicine: Paracetamol 500mg (x10)",
        "amount": 50,
        "visitID": "vis-2"
      },
      {
        "description": "Service: Blood Test",
        "amount": 500,
        "visitID": "vis-2"
      }
    ],
    "paymentMode": "Cash",
    "totalAmount": 550,
    "invoiceNumber": "INV-2026-0003",
    "id": "17701229657161y707",
    "createdAt": "2026-02-03T12:49:25.716Z",
    "updatedAt": "2026-02-03T12:49:25.716Z"
  },
  {
    "patientID": "P-1003",
    "patientName": "Baby Mike",
    "items": [
      {
        "description": "Consultation: Dr. Dr. Smith",
        "amount": 500,
        "visitID": "17701101969709fegq"
      },
      {
        "description": "Consultation: Dr. Dr. Jones",
        "amount": 800,
        "visitID": "17701101969709fegq"
      },
      {
        "description": "Medicine: Paracetamol 500mg (x1)",
        "amount": 5,
        "visitID": "17701101969709fegq"
      },
      {
        "description": "Medicine: Paracetamol 500mg (x1)",
        "amount": 5,
        "visitID": "17701101969709fegq"
      },
      {
        "description": "Service: X-Ray",
        "amount": 1000,
        "visitID": "17701101969709fegq"
      },
      {
        "description": "Consultation: Dr. Dr. Smith",
        "amount": 500,
        "visitID": "1770110216409qchso"
      },
      {
        "description": "Medicine: Paracetamol 500mg (x1)",
        "amount": 5,
        "visitID": "1770110216409qchso"
      },
      {
        "description": "Medicine: Amoxicillin 250mg (x1)",
        "amount": 10,
        "visitID": "1770110216409qchso"
      }
    ],
    "paymentMode": "Split",
    "totalAmount": 2825,
    "paymentBreakdown": [
      {
        "mode": "Cash",
        "amount": 2000
      },
      {
        "mode": "UPI",
        "amount": 825
      }
    ],
    "invoiceNumber": "INV-2026-0004",
    "id": "1770186718000jw1ov",
    "createdAt": "2026-02-04T06:31:58.002Z",
    "updatedAt": "2026-02-04T06:31:58.002Z"
  },
  {
    "patientID": "PAT-2026-004",
    "patientName": "bigburry hypersystems",
    "items": [
      {
        "description": "Consultation: Dr. Dr. Smith",
        "amount": 500,
        "visitID": "1770113681506z8d33"
      },
      {
        "description": "Medicine: Paracetamol 500mg (x1)",
        "amount": 5,
        "visitID": "1770182324278qlmq1"
      }
    ],
    "paymentMode": "Cash",
    "totalAmount": 505,
    "invoiceNumber": "INV-2026-0005",
    "id": "1770187190752hl0ov",
    "createdAt": "2026-02-04T06:39:50.752Z",
    "updatedAt": "2026-02-04T06:39:50.752Z"
  },
  {
    "patientID": "PAT-2026-004",
    "patientName": "bigburry hypersystems",
    "items": [
      {
        "description": "Consultation: Dr. Dr. Smith",
        "amount": 500,
        "visitID": "1770113681506z8d33"
      },
      {
        "description": "Medicine: Paracetamol 500mg (x1)",
        "amount": 5,
        "visitID": "1770182324278qlmq1"
      }
    ],
    "paymentMode": "Cash",
    "totalAmount": 505,
    "invoiceNumber": "INV-2026-0006",
    "id": "1770187585095nz1jl",
    "createdAt": "2026-02-04T06:46:25.095Z",
    "updatedAt": "2026-02-04T06:46:25.095Z"
  },
  {
    "patientID": "PAT-2026-004",
    "patientName": "bigburry hypersystems",
    "items": [
      {
        "description": "Consultation: Dr. Dr. Jones",
        "amount": 800,
        "visitID": "1770113681506z8d33"
      },
      {
        "description": "Medicine: Paracetamol 500mg (x1)",
        "amount": 5,
        "visitID": "1770113681506z8d33"
      },
      {
        "description": "Consultation: Dr. Dr. Smith",
        "amount": 500,
        "visitID": "1770182319213qtuaj"
      },
      {
        "description": "Consultation: Dr. Dr. Jones",
        "amount": 800,
        "visitID": "1770182324278qlmq1"
      },
      {
        "description": "Medicine: Vitamin C (x1)",
        "amount": 3,
        "visitID": "1770182324278qlmq1"
      }
    ],
    "paymentMode": "Cash",
    "totalAmount": 2108,
    "invoiceNumber": "INV-2026-0007",
    "id": "1770187603394xstgv",
    "createdAt": "2026-02-04T06:46:43.394Z",
    "updatedAt": "2026-02-04T06:46:43.394Z"
  },
  {
    "patientID": "PAT-2026-004",
    "patientName": "bigburry hypersystems",
    "items": [
      {
        "description": "Consultation: Dr. Dr. Jones",
        "amount": 800,
        "visitID": "17701165409298npru"
      }
    ],
    "paymentMode": "UPI",
    "totalAmount": 800,
    "invoiceNumber": "INV-2026-0008",
    "id": "17701879194950ubks",
    "createdAt": "2026-02-04T06:51:59.496Z",
    "updatedAt": "2026-02-04T06:51:59.496Z"
  },
  {
    "patientID": "PAT-2026-004",
    "patientName": "bigburry hypersystems",
    "items": [
      {
        "description": "Medicine: Paracetamol 500mg (x100)",
        "amount": 500,
        "visitID": "17701165409298npru"
      }
    ],
    "paymentMode": "Cash",
    "totalAmount": 500,
    "invoiceNumber": "INV-2026-0009",
    "id": "1770188004381qgv43",
    "createdAt": "2026-02-04T06:53:24.381Z",
    "updatedAt": "2026-02-04T06:53:24.381Z"
  },
  {
    "patientID": "PAT-2026-004",
    "patientName": "bigburry hypersystems",
    "items": [
      {
        "description": "Consultation: Dr. Dr. Smith",
        "amount": 500,
        "visitID": "1770190823675aetmb"
      }
    ],
    "paymentMode": "Cash",
    "totalAmount": 500,
    "invoiceNumber": "INV-2026-0010",
    "id": "17701915530256yk56",
    "createdAt": "2026-02-04T07:52:33.025Z",
    "updatedAt": "2026-02-04T07:52:33.025Z"
  }
]