[
  {
    "name": "Great  deal",
    "totalPrice": 300,
    "items": [
      {
        "type": "treatment",
        "id": "1770204308487vazt3",
        "name": "t1",
        "price": 200,
        "quantity": 1
      },
      {
        "type": "service",
        "id": "srv-2",
        "name": "Blood Test",
        "price": 500,
        "quantity": 1
      },
      {
        "type": "service",
        "id": "srv-1",
        "name": "X-Ray",
        "price": 300,
        "quantity": 1
      },
      {
        "type": "bed",
        "id": "bed-1",
        "name": "General Bed 1",
        "price": 200,
        "quantity": 1
      }
    ],
    "description": "super deal",
    "id": "1770208700827aa6s1",
    "createdAt": "2026-02-04T12:38:20.828Z",
    "updatedAt": "2026-02-04T12:59:07.745Z"
  }
]