[
  {
    "name": "bedder",
    "resourceID": "bed 1",
    "type": "ward_bed",
    "id": "1769863872447ekdxz",
    "createdAt": "2026-01-31T12:51:12.448Z",
    "updatedAt": "2026-01-31T12:51:12.448Z"
  },
  {
    "name": "bede",
    "resourceID": "bed2",
    "type": "ward_bed",
    "id": "1769863934663izphz",
    "createdAt": "2026-01-31T12:52:14.663Z",
    "updatedAt": "2026-01-31T13:07:05.225Z",
    "isOccupied": false,
    "currentPatientID": null,
    "admissionDate": null,
    "expectedDischargeDate": null
  }
]