[
  {
    "id": "bed-1",
    "resourceID": "BED-001",
    "name": "General Bed 1",
    "type": "General Ward",
    "isOccupied": false,
    "createdAt": "2026-02-03T08:00:00.000Z",
    "updatedAt": "2026-02-03T08:00:00.000Z"
  },
  {
    "id": "bed-2",
    "resourceID": "BED-002",
    "name": "General Bed 2",
    "type": "General Ward",
    "isOccupied": true,
    "currentPatientID": "P-1002",
    "admissionDate": "2026-02-03T10:00:00.000Z",
    "createdAt": "2026-02-03T08:00:00.000Z",
    "updatedAt": "2026-02-04T07:25:45.591Z",
    "expectedDischargeDate": "2026-02-05"
  },
  {
    "id": "icu-1",
    "resourceID": "ICU-001",
    "name": "ICU Bed 1",
    "type": "ICU",
    "isOccupied": false,
    "createdAt": "2026-02-03T08:00:00.000Z",
    "updatedAt": "2026-02-03T08:00:00.000Z"
  }
]